,City,Lat,lng,Max Temp,Humidity,Cloudiness,Wind Speed,Country,Date
0,Hay River,60.8156,-115.7999,85.98,39,75,2.3,CA,1627845899
1,Prince Rupert,54.3161,-130.3201,60.49,94,90,3.44,CA,1627845900
2,Ushuaia,-54.8,-68.3,46.06,57,0,6.91,AR,1627845900
3,Busselton,-33.65,115.3333,52.56,76,100,8.21,AU,1627845900
4,Mataura,-46.1927,168.8643,40.48,98,64,3.74,NZ,1627845900
5,Rohnert Park,38.3396,-122.7011,86.02,52,0,4.0,US,1627845900
6,Sørland,67.667,12.6934,46.47,73,91,11.7,NO,1627845901
7,Nikolskoye,59.7035,30.7861,64.4,69,6,9.13,RU,1627845901
8,Cape Town,-33.9258,18.4232,59.11,79,40,1.14,ZA,1627845779
9,Jamestown,42.097,-79.2353,69.39,88,75,1.99,US,1627845901
10,Richards Bay,-28.783,32.0377,63.81,76,4,4.0,ZA,1627845901
11,Mâncio Lima,-7.6142,-72.8958,89.67,48,75,6.91,BR,1627845901
12,Aklavik,68.2191,-135.0107,84.92,34,40,9.22,CA,1627845902
13,Vaini,-21.2,-175.2,68.16,94,40,13.8,TO,1627845902
14,George Town,5.4112,100.3354,76.95,89,20,1.01,MY,1627845902
15,Namuac,18.6109,121.1657,81.7,78,100,7.23,PH,1627845902
16,Bredasdorp,-34.5322,20.0403,56.52,72,80,6.91,ZA,1627845902
17,Punta Arenas,-53.15,-70.9167,48.31,61,40,13.8,CL,1627845790
18,Half Moon Bay,37.4636,-122.4286,84.54,66,20,9.22,US,1627845903
19,St. George's,12.0564,-61.7485,85.68,79,20,19.57,GD,1627845904
20,Rikitea,-23.1203,-134.9692,69.33,59,100,23.89,PF,1627845905
21,Daura,11.5538,11.4085,77.34,79,81,3.91,NG,1627845905
22,Bandarbeyla,9.4942,50.8122,78.06,81,1,27.11,SO,1627845905
23,Mehamn,71.0357,27.8492,49.91,98,100,10.13,NO,1627845906
24,Querfurt,51.3833,11.6,65.57,82,74,6.33,DE,1627845906
25,South Lake Tahoe,38.9332,-119.9844,86.07,41,20,10.36,US,1627845906
26,Hithadhoo,-0.6,73.0833,81.45,71,97,5.3,MV,1627845906
27,Ponta do Sol,32.6667,-17.1,75.7,74,3,4.85,PT,1627845906
28,Coruripe,-10.1256,-36.1756,75.29,74,19,16.37,BR,1627845906
29,East London,-33.0153,27.9116,63.81,57,10,15.9,ZA,1627845815
30,Kumul,42.8,93.45,69.06,45,80,8.16,CN,1627845907
31,Port Elizabeth,-33.918,25.5701,59.29,77,40,27.63,ZA,1627845907
32,Cidreira,-30.1811,-50.2056,59.74,76,92,8.28,BR,1627845907
33,Bluff,-46.6,168.3333,40.8,89,89,9.06,NZ,1627845907
34,São Filipe,14.8961,-24.4956,76.23,76,17,9.82,CV,1627845907
35,Kolondiéba,11.0882,-6.8926,73.72,93,35,4.36,ML,1627845907
36,Provideniya,64.3833,-173.3,41.79,90,100,14.0,RU,1627845721
37,Yangi Marg`ilon,40.4272,71.7189,83.12,28,100,16.11,UZ,1627845908
38,Hilo,19.7297,-155.09,75.79,91,93,5.99,US,1627845908
39,Porto Santo,33.072,-16.3415,73.31,73,40,12.66,PT,1627845908
40,Bethel,41.3712,-73.414,77.68,70,75,10.36,US,1627845908
41,Dikson,73.5069,80.5464,39.36,98,97,4.52,RU,1627845909
42,Chui,-33.6971,-53.4616,56.35,75,30,5.95,UY,1627845909
43,Saint-Augustin,51.226,-58.6502,64.63,67,92,21.12,CA,1627845909
44,Hobyo,5.3505,48.5268,78.35,78,5,24.56,SO,1627845909
45,Saint-Leu,-21.15,55.2833,67.03,69,20,2.24,RE,1627845909
46,Hobart,-42.8794,147.3294,38.05,87,11,3.0,AU,1627845909
47,Kahului,20.8947,-156.47,83.46,69,20,19.57,US,1627845808
48,Vieste,41.8825,16.175,90.1,43,88,12.57,IT,1627845910
49,Saskylakh,71.9167,114.0833,65.25,49,0,5.37,RU,1627845910
50,Castro,-24.7911,-50.0119,57.2,63,69,4.07,BR,1627845910
51,Puerto Ayora,-0.7393,-90.3518,76.96,86,50,4.0,EC,1627845910
52,Sydney,-33.8679,151.2073,49.39,83,20,5.01,AU,1627845780
53,Lüderitz,-26.6481,15.1594,67.75,36,0,11.14,NA,1627845911
54,Clyde River,70.4692,-68.5914,43.03,87,90,13.8,CA,1627845911
55,Santo Tomas,14.1079,121.1414,81.57,86,100,7.99,PH,1627845911
56,Atuona,-9.8,-139.0333,76.69,72,54,13.24,PF,1627845911
57,Sakakah,29.9697,40.2064,94.57,11,0,10.4,SA,1627845911
58,San Javier,37.8063,-0.8374,78.64,74,75,4.0,ES,1627845911
59,Sur,22.5667,59.5289,91.42,53,100,15.41,OM,1627845911
60,Kodinsk,58.6881,99.1844,57.0,97,100,4.76,RU,1627845912
61,Saint George,37.1041,-113.5841,94.78,33,1,3.0,US,1627845912
62,Albany,42.6001,-73.9662,76.87,68,55,8.1,US,1627845912
63,Penzance,50.1186,-5.5371,60.01,80,78,12.84,GB,1627845912
64,Sampit,-2.5333,112.95,73.15,97,30,1.5,ID,1627845912
65,Yangambi,0.8102,24.4336,73.99,79,100,2.98,CD,1627845912
66,Bubaque,11.2833,-15.8333,79.09,83,69,18.07,GW,1627845912
67,Ancud,-41.8697,-73.8203,51.33,63,68,3.98,CL,1627845913
68,Shingū,33.7333,135.9833,78.91,91,100,2.89,JP,1627845913
69,Angola,-12.5,18.5,58.6,33,0,2.66,AO,1627845913
70,Vostok,46.4856,135.8833,60.55,96,4,4.25,RU,1627845913
71,Mogadishu,2.0371,45.3438,75.92,85,76,20.65,SO,1627845618
72,Qaanaaq,77.484,-69.3632,43.12,80,81,1.19,GL,1627845913
73,Nuevo Progreso,23.1667,-97.95,94.59,49,4,8.01,MX,1627845914
74,Angoram,-4.0625,144.0661,71.83,99,29,2.59,PG,1627845914
75,Hong Kong,22.2855,114.1577,85.96,88,99,1.99,HK,1627845914
76,Chokurdakh,70.6333,147.9167,34.34,81,19,6.13,RU,1627845914
77,Hermanus,-34.4187,19.2345,58.89,80,97,7.27,ZA,1627845914
78,Kapaa,22.0752,-159.319,80.92,79,75,5.01,US,1627845914
79,Aztec,36.8222,-107.9929,83.59,30,59,3.96,US,1627845914
80,Upernavik,72.7868,-56.1549,44.2,75,33,13.2,GL,1627845915
81,Bambous Virieux,-20.3428,57.7575,70.21,83,75,13.8,MU,1627845915
82,São João da Barra,-21.6403,-41.0511,71.69,60,88,10.31,BR,1627845915
83,Tigil',57.8,158.6667,47.19,90,100,6.53,RU,1627845915
84,Esperance,-33.8667,121.9,51.64,57,93,25.05,AU,1627845915
85,Sainte-Maxime,43.3,6.6333,82.44,40,18,21.83,FR,1627845915
86,Quryq,43.2,51.65,85.42,33,0,7.27,KZ,1627845915
87,Taihecun,45.8,130.85,70.03,92,19,4.52,CN,1627845916
88,Tambun,-6.2641,107.0712,81.48,85,8,1.68,ID,1627845916
89,Maceió,-9.6658,-35.7353,76.44,78,75,13.8,BR,1627845916
90,Matara,5.9485,80.5353,78.89,86,100,9.51,LK,1627845916
91,Vilyuysk,63.7553,121.6247,62.1,64,87,5.08,RU,1627845916
92,Yellowknife,62.456,-114.3525,85.32,28,1,1.01,CA,1627845916
93,Sandy Bay,-42.913,147.3532,38.08,87,12,4.0,AU,1627845917
94,Mormugao,15.4,73.8,76.26,94,90,6.91,IN,1627845917
95,San Angelo,31.4638,-100.437,89.82,45,1,14.0,US,1627845917
96,Longyearbyen,78.2186,15.6401,46.24,71,75,16.11,SJ,1627845917
97,Talnakh,69.4865,88.3972,54.14,92,100,5.32,RU,1627845917
98,Lorengau,-2.0226,147.2712,82.18,76,95,9.48,PG,1627845918
99,Dessie,11.1333,39.6333,56.39,84,64,1.79,ET,1627845918
100,Mangan,27.5167,88.5333,76.86,95,99,0.58,IN,1627845918
101,Tasiilaq,65.6145,-37.6368,59.16,80,3,6.15,GL,1627845918
102,Vao,-22.6667,167.4833,66.13,59,68,13.91,NC,1627845918
103,Ciudad Bolivar,8.1222,-63.5497,83.84,70,51,9.78,VE,1627845918
104,Ballina,-28.8667,153.5667,66.16,88,40,9.22,AU,1627845919
105,Evensk,61.95,159.2333,43.34,86,100,16.87,RU,1627845919
106,Adrar,20.5022,-10.0711,102.09,18,33,8.59,MR,1627845919
107,Port Alfred,-33.5906,26.891,61.83,74,19,25.86,ZA,1627845919
108,Gur'yevsk,54.2833,85.9333,63.25,64,74,4.54,RU,1627845906
109,Erlenbach,49.1725,9.2683,64.81,84,100,10.04,DE,1627845920
110,Bucerías,20.75,-105.3333,90.99,58,20,12.66,MX,1627845920
111,Ferkessédougou,9.6,-5.2,73.78,92,100,5.08,CI,1627845920
112,Lompoc,34.6391,-120.4579,90.12,68,1,13.8,US,1627845920
113,Ilulissat,69.2167,-51.1,57.22,41,0,5.75,GL,1627845920
114,Arlit,18.7369,7.3853,97.61,26,28,10.11,NE,1627845920
115,Praia,14.9215,-23.5087,81.14,54,40,13.8,CV,1627845921
116,Saint Paul Harbor,57.79,-152.4072,60.31,82,90,6.91,US,1627845921
117,Avarua,-21.2078,-159.775,77.05,78,90,24.16,CK,1627845921
118,Khatanga,71.9667,102.5,62.56,67,68,8.55,RU,1627845921
119,Kindu,-2.95,25.95,78.75,40,100,2.13,CD,1627845682
120,Igrim,63.1906,64.4162,57.7,94,75,2.55,RU,1627845921
121,Puebloviejo,10.9938,-74.2844,94.48,64,12,10.04,CO,1627845921
122,Tautira,-17.7333,-149.15,78.82,62,79,8.84,PF,1627845922
123,San Jose,37.3394,-121.895,86.86,51,20,3.44,US,1627845922
124,Karratha,-20.7377,116.8463,61.74,40,0,12.17,AU,1627845922
125,Santa Helena,-2.2311,-45.3,81.93,69,100,2.13,BR,1627845922
126,Yaan,7.3833,8.5667,71.74,97,100,6.67,NG,1627845923
127,Mahébourg,-20.4081,57.7,70.25,83,75,13.8,MU,1627845923
128,Golden,39.7555,-105.2211,79.38,46,75,3.0,US,1627845923
129,Linxia Chengguanzhen,35.6003,103.2064,65.89,54,19,3.98,CN,1627845923
130,Porto-Novo,6.4965,2.6036,78.62,80,28,6.98,BJ,1627845883
131,Vardø,70.3705,31.1107,56.95,93,75,9.22,NO,1627845923
132,Goundam,16.4145,-3.6708,93.92,36,4,6.35,ML,1627845923
133,Mundi,22.0667,76.5,76.87,82,100,14.63,IN,1627845924
134,Manokwari,-0.8667,134.0833,78.01,82,89,1.83,ID,1627845924
135,Yebaishou,41.3975,119.6408,63.32,91,9,7.4,CN,1627845924
136,Oranjemund,-28.55,16.4333,58.93,65,1,8.08,NA,1627845924
137,Codrington,-38.2667,141.9667,43.34,89,0,14.2,AU,1627845924
138,Morehead,37.2711,-87.1764,84.83,61,1,9.22,US,1627845924
139,Cobija,-11.0267,-68.7692,87.98,55,40,6.91,BO,1627845924
140,Tuktoyaktuk,69.4541,-133.0374,69.8,68,75,13.8,CA,1627845925
141,Butaritari,3.0707,172.7902,82.99,69,16,10.02,KI,1627845925
142,Vanavara,60.34,102.2797,54.79,62,45,4.81,RU,1627845925
143,Caraballeda,10.6112,-66.8522,89.67,62,40,4.61,VE,1627845925
144,Barrow,71.2906,-156.7887,50.02,85,90,19.57,US,1627845925
145,Mabama,-5.1333,32.5333,69.91,35,53,3.94,TZ,1627845926
146,Mar del Plata,-38.0023,-57.5575,54.09,93,20,1.01,AR,1627845926
147,Ugoofaaru,5.6667,73.0,82.89,73,100,12.84,MV,1627845926
148,Lebu,-37.6167,-73.65,54.34,67,6,17.74,CL,1627845926
149,Sisimiut,66.9395,-53.6735,58.39,53,0,8.03,GL,1627845926
150,Saldanha,-33.0117,17.9442,48.25,90,49,9.57,ZA,1627845668
151,Ko Samui,9.5357,99.9357,82.38,77,100,17.92,TH,1627845927
152,Kieta,-6.2167,155.6333,77.61,84,12,2.51,PG,1627845927
153,Banjarmasin,-3.3244,114.591,75.34,89,81,1.25,ID,1627845927
154,Airai,-8.9266,125.4092,55.78,85,28,2.77,TL,1627845927
155,Caravelas,-17.7125,-39.2481,71.13,55,100,9.78,BR,1627845927
156,Narsaq,60.9167,-46.05,61.02,76,100,1.72,GL,1627845927
157,Rízia,41.6167,26.4333,82.87,35,0,12.73,GR,1627845928
158,Andros Town,24.7,-77.7667,91.36,67,4,14.85,BS,1627845928
159,Gondanglegi,-7.7479,112.0132,74.8,83,5,15.46,ID,1627845928
160,Wanaka,-44.7,169.15,44.11,99,39,1.01,NZ,1627845928
161,Tynda,55.1667,124.7167,51.85,99,100,1.72,RU,1627845929
162,Nigrán,42.1415,-8.8066,66.4,95,90,1.01,ES,1627845929
163,Ternate,0.8,127.4,80.83,81,99,6.89,ID,1627845929
164,Inhambane,-23.865,35.3833,58.98,94,0,0.0,MZ,1627845929
165,Lagoa,39.05,-27.9833,72.32,94,57,18.1,PT,1627845929
166,Pecos,31.4229,-103.4932,89.69,43,40,6.91,US,1627845929
167,Erenhot,43.6475,111.9767,66.45,47,7,8.97,CN,1627845930
168,Geraldton,-28.7667,114.6,45.01,93,40,9.22,AU,1627845930
169,Puerto Madryn,-42.7692,-65.0385,67.46,26,2,15.66,AR,1627845930
170,Arman',59.7,150.1667,46.45,63,0,13.06,RU,1627845930
171,Constitución,-35.3333,-72.4167,62.62,48,0,10.02,CL,1627845930
172,Lavrentiya,65.5833,-171.0,40.28,88,100,11.12,RU,1627845930
173,Mahina,-17.5065,-149.489,78.57,61,20,2.3,PF,1627845930
174,Ambanja,-13.6833,48.45,69.28,80,8,1.59,MG,1627845931
175,Tual,-5.6667,132.75,81.48,78,14,12.12,ID,1627845931
176,‘Ewa Beach,21.3156,-158.0072,84.15,56,1,13.0,US,1627845931
177,Hibbing,47.4272,-92.9377,73.44,46,90,10.36,US,1627845931
178,Saint-Philippe,-21.3585,55.7679,67.55,75,43,11.83,RE,1627845931
179,Havøysund,70.9963,24.6622,45.48,83,100,7.31,NO,1627845931
180,Isangel,-19.55,169.2667,66.31,77,85,8.05,VU,1627845932
181,Jijiang,29.2906,106.2542,88.39,73,0,0.36,CN,1627845932
182,Pangnirtung,66.1451,-65.7125,48.2,87,90,4.61,CA,1627845932
183,Bilma,18.6853,12.9164,98.8,9,0,6.11,NE,1627845932
184,Acapulco de Juárez,16.8634,-99.8901,87.62,66,40,12.66,MX,1627845932
185,City of San Pedro,14.35,121.0167,82.35,83,90,6.91,PH,1627845932
186,Thompson,55.7435,-97.8558,78.96,38,40,13.8,CA,1627845933
187,Ust'-Karsk,52.7011,118.8077,52.16,92,91,2.42,RU,1627845933
188,Ipaba,-19.4136,-42.4194,71.74,49,0,3.44,BR,1627845933
189,Salalah,17.0151,54.0924,77.09,94,90,5.75,OM,1627845933
190,Carnarvon,-24.8667,113.6333,50.07,61,0,8.05,AU,1627845933
191,Togur,58.3631,82.8265,50.02,92,0,3.27,RU,1627845933
192,Medvedka,61.1629,46.387,59.95,81,99,5.21,RU,1627845934
193,Te Anau,-45.4167,167.7167,40.71,92,95,1.3,NZ,1627845934
194,Bengkulu,-3.8004,102.2655,74.89,89,89,4.99,ID,1627845934
195,Broome,42.2506,-75.833,76.17,100,90,11.5,US,1627845934
196,Norman Wells,65.282,-126.8329,78.84,41,20,4.61,CA,1627845934
197,Gainesville,29.6516,-82.3248,90.68,74,40,5.75,US,1627845935
198,Simao,22.7886,100.9748,64.18,98,46,1.48,CN,1627845935
199,Cabo San Lucas,22.8909,-109.9124,98.82,68,20,1.01,MX,1627845854
200,Chiang Klang,19.2938,100.8617,75.45,99,100,1.95,TH,1627845935
201,Camaná,-16.6228,-72.7111,66.54,72,47,9.01,PE,1627845935
202,Belyy Yar,53.6039,91.3903,57.09,88,0,2.24,RU,1627845935
203,Tweed,44.4751,-77.3162,66.33,92,100,6.78,CA,1627845935
204,Ribeira Grande,38.5167,-28.7,75.6,88,75,17.27,PT,1627845936
205,Pevek,69.7008,170.3133,33.12,98,100,12.06,RU,1627845936
206,Cayenne,4.9333,-52.3333,87.84,77,75,5.01,GF,1627845715
207,Port-Gentil,-0.7193,8.7815,75.16,88,90,9.22,GA,1627845936
208,Banda Aceh,5.5577,95.3222,79.99,73,98,15.55,ID,1627845936
209,Kudahuvadhoo,2.6708,72.8944,82.72,70,100,5.35,MV,1627845936
210,Pachperwa,27.5167,82.65,79.21,93,100,6.26,IN,1627845937
211,Harper,4.375,-7.7169,76.06,79,44,7.56,LR,1627845937
212,La Ronge,55.1001,-105.2842,88.02,30,20,4.61,CA,1627845937
213,Hualmay,-11.0964,-77.6139,67.84,72,11,10.25,PE,1627845937
214,Takoradze,4.8845,-1.7554,76.6,84,0,7.4,GH,1627845937
215,Meulaboh,4.1363,96.1285,75.11,89,100,3.24,ID,1627845937
216,Kavaratti,10.5669,72.642,82.31,77,37,15.32,IN,1627845938
217,Pringsewu,-5.3582,104.9744,72.57,98,28,2.73,ID,1627845938
218,Omboué,-1.5746,9.2618,74.89,84,97,9.22,GA,1627845938
219,Coahuayana Viejo,18.7333,-103.6833,90.88,55,6,3.74,MX,1627845938
220,Iqaluit,63.7506,-68.5145,55.13,71,90,3.44,CA,1627845938
221,Diego de Almagro,-26.3667,-70.05,81.99,9,0,13.2,CL,1627845938
222,Natal,-5.795,-35.2094,80.82,69,75,16.11,BR,1627845938
223,Burnie,-41.0667,145.9167,44.89,78,100,4.45,AU,1627845939
224,Severo-Kuril'sk,50.6789,156.125,52.14,82,0,16.69,RU,1627845939
225,At-Bashi,41.1702,75.8106,56.39,70,100,1.74,KG,1627845939
226,Bariloche,-41.1456,-71.3082,53.44,42,40,6.91,AR,1627845939
227,Dunedin,-45.8742,170.5036,50.81,81,100,14.0,NZ,1627845939
228,Sakaiminato,35.55,133.2333,78.78,83,75,8.05,JP,1627845939
229,Sovetskiy,61.3614,63.5842,57.09,95,8,5.64,RU,1627845940
230,Coyhaique,-45.5752,-72.0662,53.55,58,90,6.91,CL,1627845940
231,Batagay-Alyta,67.8006,130.4114,54.16,66,5,1.99,RU,1627845940
232,Buala,-8.145,159.5921,77.76,86,96,6.06,SB,1627845940
233,Damaturu,11.747,11.9608,76.87,85,100,10.0,NG,1627845941
234,Chifeng,42.2683,118.9636,62.69,80,63,4.7,CN,1627845941
235,Alofi,-19.0595,-169.9187,75.09,78,23,18.41,NU,1627845941
236,Bathsheba,13.2167,-59.5167,86.61,70,20,11.5,BB,1627845941
237,Fare,-16.7,-151.0167,76.28,70,100,12.24,PF,1627845941
238,Poum,-20.2333,164.0167,68.2,60,5,13.04,NC,1627845941
239,Savannah Bight,16.45,-85.85,89.65,75,61,17.45,HN,1627845941
240,Dakar,14.6937,-17.4441,85.08,74,20,4.61,SN,1627845737
241,Arraial do Cabo,-22.9661,-42.0278,75.16,68,20,16.11,BR,1627845942
242,Sambava,-14.2667,50.1667,68.95,90,85,12.19,MG,1627845942
243,Huarmey,-10.0681,-78.1522,70.12,69,3,12.66,PE,1627845942
244,Cherskiy,68.75,161.3,35.17,90,96,18.48,RU,1627845942
245,Leshukonskoye,64.8989,45.7622,55.13,93,16,0.63,RU,1627845942
246,Bara,10.3744,10.7288,75.92,83,100,4.99,NG,1627845943
247,San Patricio,28.017,-97.5169,98.02,38,100,12.82,US,1627845943
248,Māndalgarh,25.2,75.1,74.5,95,100,12.15,IN,1627845943
249,Husavik,66.0449,-17.3389,57.11,64,69,6.02,IS,1627845943
250,Verkh-Chebula,56.0308,87.6218,59.2,83,75,3.83,RU,1627845943
251,San Policarpo,12.1791,125.5072,82.9,75,91,11.18,PH,1627845943
252,Puerto Palomas,31.7667,-107.6167,85.33,38,45,7.34,MX,1627845943
253,Port Macquarie,-31.4333,152.9167,56.89,80,70,9.44,AU,1627845944
254,Torbay,47.6666,-52.7314,72.37,61,40,18.41,CA,1627845944
255,Nazas,25.2333,-104.1333,90.77,29,15,7.38,MX,1627845944
256,Amos,48.5669,-78.1162,69.78,34,76,8.75,CA,1627845944
257,Belmonte,-15.8631,-38.8828,71.6,75,72,15.52,BR,1627845944
258,Agios Nikolaos,38.4167,23.65,93.78,42,0,0.0,GR,1627845944
259,Mutare,-18.9707,32.6709,54.66,54,0,2.42,ZW,1627845945
260,Carutapera,-1.195,-46.02,80.01,86,84,5.91,BR,1627845945
261,Pozo Colorado,-23.4923,-58.7972,77.79,21,1,6.98,PY,1627845945
262,Belaya Gora,68.5333,146.4167,38.1,76,0,6.6,RU,1627845945
263,Ust'-Ishim,57.6935,71.1665,61.23,99,57,3.18,RU,1627845945
264,Honolulu,21.3069,-157.8583,84.02,61,20,3.0,US,1627845736
265,Alihe,50.5667,123.7167,47.48,97,8,2.48,CN,1627845946
266,Ayan,56.45,138.1667,58.98,74,88,4.56,RU,1627845946
267,Arrondissement de Perpignan,42.75,2.75,71.73,49,90,6.91,FR,1627845657
268,Bambanglipuro,-7.95,110.2833,74.97,87,24,6.55,ID,1627845946
269,Santa Isabel Rio Negro,-0.4139,-65.0192,85.12,49,93,3.33,BR,1627845947
270,Shenzhen,22.5455,114.0683,85.86,92,87,2.13,CN,1627845947
271,Kilindoni,-7.9139,39.6668,76.03,75,17,16.73,TZ,1627845724
272,Hamilton,39.1834,-84.5333,81.93,76,75,1.01,US,1627845947
273,Bulihan,14.2697,120.9955,80.67,85,100,14.81,PH,1627846419
274,Tilichiki,60.4667,166.1,50.94,64,100,4.56,RU,1627846420
275,Atar,20.5169,-13.0499,98.2,27,7,9.82,MR,1627846422
276,Haimen,23.1935,116.6142,80.49,89,92,5.77,CN,1627846423
277,Mount Isa,-20.7333,139.5,60.57,55,29,0.0,AU,1627846424
278,Pori,61.4833,21.7833,60.87,88,0,4.61,FI,1627846201
279,Badarwās,24.9667,77.5667,74.57,98,100,16.93,IN,1627846427
280,Yumen,40.2833,97.2,68.59,43,93,11.77,CN,1627846428
281,Lázaro Cárdenas,17.9583,-102.2,88.25,66,12,8.39,MX,1627846429
282,Tongzhou,39.9053,116.5994,71.71,78,0,6.71,CN,1627846431
283,Bogorodskoye,56.55,37.8833,62.94,91,50,6.73,RU,1627846432
284,Osoyoos,49.0331,-119.4524,79.21,57,100,5.75,CA,1627846433
285,Rawson,-43.3002,-65.1023,64.71,28,20,10.51,AR,1627846434
286,Toora-Khem,52.4675,96.11,49.24,96,100,3.58,RU,1627846436
287,Fairbanks,64.8378,-147.7164,72.1,63,20,0.0,US,1627846437
288,Rio Grande,-32.035,-52.0986,53.71,83,37,5.5,BR,1627846438
289,Tougue,11.4667,-11.6,68.4,95,100,3.85,GN,1627846439
290,Acarí,-15.4311,-74.6158,75.83,49,0,8.28,PE,1627846440
291,Hasaki,35.7333,140.8333,77.4,90,12,7.09,JP,1627846442
292,Becerril,9.7041,-73.2793,98.44,38,71,2.01,CO,1627846443
293,Jumla,29.2747,82.1838,64.44,93,98,0.81,NP,1627846445
294,Nampula,-15.1165,39.2666,66.15,77,40,8.05,MZ,1627846446
295,Mezhdurechensk,53.6942,88.0603,55.36,83,15,3.0,RU,1627846447
296,Batagay,67.6333,134.6333,52.72,60,0,1.34,RU,1627846449
297,Tinde,-3.8833,33.2,70.5,39,55,5.82,TZ,1627846450
298,Faanui,-16.4833,-151.75,77.22,70,54,15.01,PF,1627846451
299,Riyadh,24.6877,46.7219,100.54,9,3,5.21,SA,1627846312
300,Xai-Xai,-25.0519,33.6442,63.77,56,2,7.76,MZ,1627846454
301,Sagua de Tánamo,20.5819,-75.2414,86.99,72,57,6.15,CU,1627846455
302,Shimoda,34.6667,138.95,73.11,79,6,1.03,JP,1627846456
303,Preobrazhenka,47.5719,35.8167,77.65,53,31,3.91,UA,1627846457
304,Mananjary,-21.2167,48.3333,64.98,89,6,4.09,MG,1627846458
305,Lang Son,21.8333,106.7333,74.43,95,99,2.13,VN,1627846460
306,‘Āhuimanu,21.4447,-157.8378,83.91,61,40,13.8,US,1627846461
307,Cabedelo,-6.9811,-34.8339,81.27,75,5,21.72,BR,1627846462
308,Panalingaan,8.7842,117.4231,79.93,85,95,7.05,PH,1627846463
309,Linguère,15.3953,-15.1193,90.28,52,61,12.15,SN,1627846464
310,Ossora,59.2353,163.0719,53.33,74,100,7.67,RU,1627846466
311,Honiara,-9.4333,159.95,76.28,86,41,3.69,SB,1627846467
312,Trairi,-3.2778,-39.2689,81.39,66,99,12.03,BR,1627846468
313,New Norfolk,-42.7826,147.0587,36.91,83,16,2.39,AU,1627846470
314,Mpika,-11.8343,31.4529,55.62,78,62,4.0,ZM,1627846471
315,Hwange,-18.3693,26.5019,63.21,49,0,1.21,ZW,1627846472
316,Angatuba,-23.4897,-48.4128,66.78,49,81,6.93,BR,1627846473
317,Ballarat,-37.5662,143.8496,38.5,88,1,6.85,AU,1627846475
318,Talcahuano,-36.7167,-73.1167,65.88,34,0,12.66,CL,1627846476
319,Charters Towers,-20.1,146.2667,59.22,97,17,5.5,AU,1627846477
320,Wukari,7.85,9.7833,72.59,96,100,6.13,NG,1627846478
321,Tiksi,71.6872,128.8694,44.67,77,28,4.97,RU,1627846479
322,Swellendam,-34.0226,20.4417,55.78,83,53,1.77,ZA,1627846481
323,Sibolga,1.7427,98.7792,74.5,89,100,2.86,ID,1627846482
324,Gradiste,44.7567,21.5136,86.09,59,33,4.21,RS,1627846483
325,Gao,16.6362,1.637,93.49,38,22,9.44,ML,1627846485
326,Uusikaupunki,60.8004,21.4084,63.12,77,19,9.6,FI,1627846486
327,Changchun,43.88,125.3228,70.14,88,100,6.29,CN,1627846431
328,Marawi,7.9986,124.2928,71.65,94,100,4.18,PH,1627846488
329,Besançon,47.2488,6.0182,59.45,100,47,3.67,FR,1627846210
330,Jaguaruna,-28.615,-49.0256,68.23,76,98,11.68,BR,1627846491
331,Rujewa,-8.7,34.3833,65.66,48,64,9.01,TZ,1627846492
332,Praia da Vitória,38.7333,-27.0667,77.76,100,75,17.38,PT,1627846493
333,Rome,43.2128,-75.4557,66.06,91,90,5.75,US,1627846202
334,Buraidah,26.326,43.975,97.25,9,6,5.79,SA,1627846252
335,Port Lincoln,-34.7333,135.8667,52.59,49,5,23.53,AU,1627846497
336,Abu Samrah,35.3029,37.1841,83.5,40,0,11.12,SY,1627846498
337,Faya,18.3851,42.4509,68.11,67,97,4.94,SA,1627846499
338,Mandalgovi,45.7625,106.2708,66.47,41,100,17.85,MN,1627846501
339,Tuatapere,-46.1333,167.6833,40.82,93,100,5.57,NZ,1627846504
340,Berlevåg,70.8578,29.0864,57.0,93,0,14.97,NO,1627846507
341,Alta Floresta,-9.8756,-56.0861,94.82,28,40,9.22,BR,1627846509
342,Goderich,43.7501,-81.7165,67.03,77,59,16.11,CA,1627846511
343,Kulu,39.0951,33.0799,75.52,24,0,8.5,TR,1627846512
344,Leningradskiy,69.3833,178.4167,35.65,96,100,17.47,RU,1627846513
345,Pemangkat,1.1667,108.9667,79.36,85,99,8.66,ID,1627846515
346,Port Augusta,-32.5,137.7667,49.71,55,0,12.26,AU,1627846516
347,Bela,25.9333,81.9833,77.34,89,90,8.93,IN,1627846517
348,Yazykovo,55.2199,56.1353,65.28,63,99,3.38,RU,1627846518
349,Westport,41.1415,-73.3579,78.62,60,75,1.01,US,1627846520
350,Comodoro Rivadavia,-45.8667,-67.5,64.26,19,0,20.71,AR,1627846491
351,Coswig,51.1333,13.5833,64.98,79,20,4.61,DE,1627846522
352,Jalu,29.0331,21.5482,92.16,15,5,11.05,LY,1627846523
353,Troitskoye,52.9821,84.6757,61.45,63,72,6.73,RU,1627846525
354,Iguape,-24.7081,-47.5553,62.55,88,91,7.25,BR,1627846526
355,Ahipara,-35.1667,173.1667,55.45,87,63,9.62,NZ,1627846527
356,San Fernando del Valle de Catamarca,-28.4696,-65.7852,71.78,34,0,4.0,AR,1627846528
357,Sakassou,7.4546,-5.2926,80.28,88,85,4.59,CI,1627846530
358,Dābhol,17.6,73.1667,77.95,86,100,14.56,IN,1627846531
359,Stokmarknes,68.5646,14.9108,50.49,81,75,5.75,NO,1627846532
360,Stromness,58.965,-3.296,52.05,79,93,11.05,GB,1627846534
361,Tiarei,-17.5333,-149.3333,78.82,63,27,9.48,PF,1627846535
362,Kaura Namoda,12.5898,6.5779,75.78,88,84,8.57,NG,1627846536
363,Dhidhdhoo,6.8833,73.1,82.63,77,100,15.79,MV,1627846537
364,Guerrero Negro,27.9769,-114.0611,85.6,51,5,10.6,MX,1627846539
365,Smithers,54.7804,-127.1743,75.52,53,75,3.44,CA,1627846540
366,Mezen',65.8522,44.24,47.84,85,7,4.88,RU,1627846541
367,Nadym,65.5333,72.5167,57.52,85,100,10.83,RU,1627846413
368,Jambi City,-1.6,103.6167,74.21,94,68,2.51,ID,1627846544
369,Makokou,0.5738,12.8642,71.78,91,98,3.42,GA,1627846545
370,Buchanan,5.8808,-10.0467,78.76,80,70,8.99,LR,1627846546
371,Viedma,-40.8135,-62.9967,59.05,34,1,17.58,AR,1627846547
372,Bealanana,-14.55,48.7333,57.87,93,96,4.32,MG,1627846549
373,Saint-François,46.4154,3.9054,63.84,68,0,2.3,FR,1627846551
374,Oddur,4.1213,43.8894,73.83,71,88,19.71,SO,1627846552
375,Petropavlovsk-Kamchatskiy,53.0452,158.6483,46.99,100,0,8.95,RU,1627846553
376,Amurzet,47.6967,131.0981,64.74,86,100,10.71,RU,1627846555
377,Fortuna,40.5982,-124.1573,69.85,73,20,11.5,US,1627846556
378,Bom Jesus,-9.0744,-44.3586,89.78,25,55,9.95,BR,1627846557
379,Lipin Bor,60.2622,37.9763,60.33,95,22,6.53,RU,1627846558
380,Vyazemskiy,47.5378,134.7525,66.29,86,0,4.14,RU,1627846559
381,Burkburnett,34.0979,-98.5706,84.88,69,75,14.97,US,1627846561
382,San Cristobal,7.7669,-72.225,84.38,73,56,8.21,VE,1627846563
383,Gijang,35.2442,129.2139,82.13,84,94,4.38,KR,1627846565
384,Esso,55.9333,158.7,50.86,64,94,1.77,RU,1627846566
385,Maţāy,28.419,30.7792,93.99,13,0,9.37,EG,1627846567
386,Tucupita,9.0622,-62.051,82.2,74,83,4.09,VE,1627846569
387,Dingle,10.9995,122.6711,77.43,87,100,8.32,PH,1627846570
388,Ketchikan,55.3422,-131.6461,63.07,82,90,9.22,US,1627846571
389,Dingzhou,38.5131,114.9956,73.51,84,40,3.44,CN,1627846572
390,Nanortalik,60.1432,-45.2371,51.6,71,100,13.47,GL,1627846574
391,Torquay,50.4638,-3.5143,64.33,38,14,9.04,GB,1627846330
392,Jaltenango,15.8719,-92.7247,84.06,67,98,2.84,MX,1627846576
393,Dajabón,19.5488,-71.7083,94.24,49,100,13.76,DO,1627846577
394,Remedios,22.4947,-79.5458,92.32,73,11,12.66,CU,1627846578
395,Ostrovnoy,68.0531,39.5131,48.83,87,15,8.9,RU,1627846580
396,Marsh Harbour,26.5412,-77.0636,85.26,70,56,9.73,BS,1627846581
397,Noyabrsk,63.1994,75.4507,59.56,64,100,10.76,RU,1627846582
398,Nouadhibou,20.931,-17.0347,75.18,73,0,14.97,MR,1627846583
399,Province of Trapani,37.8333,12.6667,86.18,89,0,10.36,IT,1627846585
400,Katsuura,35.1333,140.3,81.1,85,1,5.84,JP,1627846586
401,Tashigang,27.3331,91.5542,70.14,96,52,2.17,BT,1627846587
402,Nguruka,-5.1092,31.0419,68.43,37,0,4.83,TZ,1627846588
403,Thul,28.2403,68.7759,91.35,46,98,13.27,PK,1627846590
404,Touros,-5.1989,-35.4608,79.7,71,5,20.2,BR,1627846591
405,Lerwick,60.1545,-1.1494,50.0,80,100,14.14,GB,1627846305
406,Vestmannaeyjar,63.4427,-20.2734,52.79,100,90,9.22,IS,1627846593
407,Yar-Sale,66.8333,70.8333,54.84,93,100,18.45,RU,1627846325
408,Porbandar,21.6422,69.6093,81.25,84,100,20.42,IN,1627846596
409,La Primavera,5.4906,-70.4092,79.86,80,91,8.7,CO,1627846597
410,Wagar,16.1525,36.2032,81.7,65,87,14.5,SD,1627846598
411,Dryden,49.7833,-92.7503,75.49,43,75,10.36,CA,1627846599
412,Mossamedes,-15.1961,12.1522,69.12,86,49,4.45,AO,1627846600
413,Manglaur,29.8,77.8667,80.85,81,15,3.29,IN,1627846602
414,Samaná,19.2056,-69.3369,91.62,66,20,16.11,DO,1627846603
415,Catuday,16.2923,119.8062,80.89,84,100,21.36,PH,1627846604
416,Cam Ranh,11.9214,109.1591,84.16,65,20,8.05,VN,1627846605
417,Susanville,40.4163,-120.653,87.1,32,1,3.44,US,1627846606
418,Bonthe,7.5264,-12.505,76.89,85,99,11.16,SL,1627846608
419,Kampot,10.6167,104.1833,79.83,82,100,11.59,KH,1627846609
420,Çorum Province,40.5,34.75,62.22,70,0,4.56,TR,1627846592
421,Maltahöhe,-24.8333,16.9833,56.8,22,0,8.97,NA,1627846612
422,Panzhihua,26.5851,101.7128,68.38,91,0,1.83,CN,1627846613
423,Taksimo,56.3444,114.8794,53.94,97,100,0.83,RU,1627846614
424,Sioux Lookout,50.1001,-91.917,75.58,43,75,6.91,CA,1627846615
425,Gizo Government Station,-8.103,156.8419,79.81,82,45,11.63,SB,1627846616
426,Okha,53.5739,142.9478,50.92,84,80,5.32,RU,1627846618
427,La Asuncion,11.0333,-63.8628,82.98,74,1,16.24,VE,1627846619
428,Kisangani,0.5167,25.2,73.35,85,100,2.42,CD,1627846620
429,Carnot,4.9409,15.8665,69.64,97,99,2.8,CF,1627846622
430,Tupik,54.4253,119.9327,48.9,97,100,3.51,RU,1627846623
431,Salem,11.65,78.1667,76.8,73,96,2.86,IN,1627846624
432,Nazaré,-13.035,-39.0144,71.73,76,67,7.65,BR,1627846625
433,Acaraú,-2.8856,-40.12,81.81,67,95,15.95,BR,1627846627
434,Durazno,-33.4131,-56.5006,60.75,55,40,13.8,UY,1627846628
435,Ambilobe,-13.2,49.05,68.88,81,3,3.96,MG,1627846629
436,Liverpool,53.4106,-2.9779,64.18,69,40,7.0,GB,1627846630
437,Nuuk,64.1835,-51.7216,59.61,55,20,8.05,GL,1627846446
438,Jiuquan,39.7432,98.5174,69.85,44,100,12.95,CN,1627846633
439,Wanning,18.8003,110.3967,80.56,89,100,11.1,CN,1627846634
440,Mayumba,-3.432,10.6554,73.87,85,100,8.86,GA,1627846636
441,Hatillo,18.4863,-66.8254,89.11,69,3,21.03,PR,1627846637
442,Ascension,30.2169,-90.9001,95.07,68,1,5.75,US,1627846638
443,Namatanai,-3.6667,152.4333,78.33,84,10,6.55,PG,1627846639
444,Farah,32.5,62.5,80.01,14,0,5.48,AF,1627846641
445,Ile-Ife,7.4667,4.5667,71.46,96,100,2.19,NG,1627846642
446,Souillac,-20.5167,57.5167,70.18,83,75,13.8,MU,1627846643
447,Amga,60.8953,131.9608,58.23,71,97,2.91,RU,1627846644
448,Saint-Pierre,-21.3393,55.4781,67.64,73,20,4.61,RE,1627846645
449,Vikeså,58.6376,6.0913,57.88,88,43,5.53,NO,1627846647
450,St. Marys,30.7305,-81.5465,96.98,78,40,10.36,US,1627846648
451,Aksha,50.2814,113.2867,53.78,91,50,2.35,RU,1627846649
452,Camacha,33.0833,-16.3333,70.56,73,40,12.66,PT,1627846651
453,Kaeo,-35.1,173.7833,48.33,92,26,4.99,NZ,1627846652
454,Port Hedland,-20.3167,118.5667,59.05,44,0,11.5,AU,1627846653
455,Pahrump,36.2083,-115.9839,95.05,30,3,3.0,US,1627846567
456,Qandala,11.472,49.8728,88.57,51,60,6.42,SO,1627846656
457,Paamiut,61.994,-49.6678,47.95,89,100,6.13,GL,1627846657
458,Hillsborough,37.5741,-122.3794,85.21,67,20,3.0,US,1627846658
459,Greeneville,36.1632,-82.831,83.88,73,40,9.22,US,1627846659
460,Kempsey,-31.0833,152.8333,55.94,89,64,1.99,AU,1627846661
461,Vila Velha,-20.3297,-40.2925,72.97,57,0,11.5,BR,1627846621
462,Pasni,25.2631,63.471,81.18,89,87,17.16,PK,1627846663
463,La Maná,-0.9333,-79.2167,85.21,56,36,2.68,EC,1627846665
464,Coquimbo,-29.9533,-71.3436,62.33,67,0,13.8,CL,1627846396
465,Havelock,34.8791,-76.9013,89.58,87,100,13.0,US,1627846667
466,Kattivākkam,13.2167,80.3167,86.09,57,99,8.39,IN,1627846668
467,Paragominas,-2.9667,-47.4833,88.29,44,91,4.52,BR,1627846669
468,Roald,62.5833,6.1333,55.17,62,75,5.75,NO,1627846671
469,Crépy-en-Valois,49.2336,2.8881,67.86,79,51,4.38,FR,1627846672
470,Pandan Niog,6.2282,120.5631,82.71,80,62,9.04,PH,1627846673
471,Lafia,8.4833,8.5167,72.32,96,100,4.76,NG,1627846675
472,Kabanjahe,3.1001,98.4908,65.16,97,100,3.91,ID,1627846611
473,Fort Nelson,58.8053,-122.7002,81.99,44,1,3.44,CA,1627846677
474,Nha Trang,12.25,109.1833,84.2,71,90,5.23,VN,1627846679
475,Semnan,35.5729,53.3971,79.66,42,91,8.97,IR,1627846680
476,Klaksvík,62.2266,-6.589,49.12,82,53,11.48,FO,1627846682
477,Agirish,61.9247,63.0231,55.17,96,72,5.99,RU,1627846683
478,Baní,18.2833,-70.3333,90.84,62,10,16.49,DO,1627846685
479,Tateyama,34.9833,139.8667,81.01,81,2,6.24,JP,1627846686
480,Laas,46.6166,10.7002,58.08,97,100,5.77,IT,1627846687
481,Haines Junction,60.7522,-137.5108,71.55,43,40,2.3,CA,1627846688
482,Grindavik,63.8424,-22.4338,55.56,87,75,6.91,IS,1627846690
483,Kiryat Gat,31.61,34.7642,85.41,56,0,4.27,IL,1627846543
484,Marabu,4.4148,114.0089,75.34,94,40,8.05,MY,1627846692
485,Samarai,-10.6167,150.6667,75.36,69,86,6.08,PG,1627846693
486,Guamúchil,25.4667,-108.1,94.68,39,57,6.76,MX,1627846694
487,Syracuse,37.0881,15.2792,92.89,60,0,8.16,IT,1627846595
488,Lidköping,58.5052,13.1577,61.32,79,0,7.92,SE,1627846697
489,Maxixe,-23.8597,35.3472,58.82,94,0,0.0,MZ,1627846698
490,Poros,37.4994,23.4536,92.57,45,0,6.6,GR,1627846700
491,Merauke,-8.4667,140.3333,73.04,85,10,12.95,ID,1627846701
492,Terrace,54.5163,-128.6035,75.11,64,75,0.0,CA,1627846702
493,Payo,-3.7508,103.6372,70.92,97,96,2.01,ID,1627846703
494,Werda,-25.2667,23.2833,55.51,28,0,5.66,BW,1627846704
495,Cap Malheureux,-19.9842,57.6142,70.29,76,12,5.99,MU,1627846706
496,Comarapa,-17.9,-64.4833,49.6,64,100,2.39,BO,1627846707
497,Gobabis,-22.45,18.9667,52.54,35,0,9.57,NA,1627846708
498,Gouré,13.9835,10.2704,90.55,42,27,6.31,NE,1627846710
499,Rincon,32.296,-81.2354,96.85,62,40,11.5,US,1627846711
500,Burla,21.5,83.8667,75.54,89,76,5.75,IN,1627846712
501,Pisco,-13.7,-76.2167,66.25,72,20,9.22,PE,1627846714
502,Madisonville,37.3281,-87.4989,83.66,62,1,1.99,US,1627846715
503,Manicoré,-5.8092,-61.3003,96.6,23,12,5.21,BR,1627846716
504,Okhotsk,59.3833,143.3,58.57,58,0,8.61,RU,1627846717
505,Hūn,29.1268,15.9477,92.16,13,0,14.16,LY,1627846718
506,Kenai,60.5544,-151.2583,70.03,61,1,3.44,US,1627846720
507,Bajil,15.0584,43.2851,88.75,62,100,6.04,YE,1627846721
508,Borovoy,55.4333,86.0833,65.48,77,0,6.71,RU,1627846722
509,Sabang,5.8933,95.3214,82.4,74,100,25.7,ID,1627846723
510,Bhānder,25.7333,78.75,77.77,93,100,15.9,IN,1627846724
511,Sierra Vista,31.5545,-110.3037,90.7,44,20,0.0,US,1627846470
512,Taunggyi,20.7833,97.0333,63.32,97,100,3.87,MM,1627846727
513,Atikokan,48.7555,-91.6216,77.43,28,66,7.63,CA,1627846728
514,Caconda,-13.7333,15.0667,61.23,27,0,1.05,AO,1627846729
515,Palm Springs,33.8303,-116.5453,107.85,20,1,4.0,US,1627846731
516,Yulara,-25.2406,130.9889,53.44,43,0,8.05,AU,1627846732
517,Challapata,-18.9,-66.7667,52.81,37,46,17.52,BO,1627846733
518,Alice Springs,-23.7,133.8833,60.35,48,95,9.22,AU,1627846734
519,Port Hardy,50.6996,-127.4199,64.58,77,40,13.8,CA,1627846735
520,Gwembe,-16.4975,27.6069,55.62,57,0,1.12,ZM,1627846737
521,Scarborough,54.2797,-0.4044,59.54,77,10,3.0,GB,1627846738
522,Baykit,61.67,96.37,59.13,92,100,1.45,RU,1627846740
523,Ishigaki,24.3448,124.1572,82.49,80,100,13.94,JP,1627846742
524,Shache,38.4167,77.2406,75.51,43,100,3.94,CN,1627846743
525,Chumikan,54.7183,135.315,54.45,80,100,0.51,RU,1627846744
526,Kasongo-Lunda,-6.4667,16.8167,76.01,25,94,1.97,CD,1627846745
527,Bereda,43.2686,-7.5406,62.91,100,94,4.52,ES,1627846747
528,Bonfim,3.0833,-59.95,82.27,73,78,3.94,BR,1627846748
529,Tavira,37.1273,-7.6486,80.47,59,0,19.8,PT,1627846749
530,Qena,26.1615,32.7183,91.51,13,9,6.44,EG,1627846750
531,Devonport,-41.1667,146.35,42.94,79,86,4.94,AU,1627846751
532,Zhangjiakou,40.81,114.8794,61.25,78,3,4.25,CN,1627846753
533,Skibotn,69.3913,20.2679,48.29,90,100,2.73,NO,1627846754
534,College,64.8569,-147.8028,71.42,64,75,4.61,US,1627846755
535,Alad,12.6168,122.2475,83.62,79,100,26.62,PH,1627846756
536,Benalla,-36.55,145.9833,33.55,92,0,4.27,AU,1627846758
537,São Miguel,-5.4667,-35.3667,80.92,69,5,22.08,BR,1627846759
538,Kalmar,56.6616,16.3616,62.53,77,54,5.75,SE,1627846760
539,Sitka,57.0531,-135.33,60.69,82,75,4.61,US,1627846761
540,Znamenskoye,57.1281,73.8282,61.54,98,67,6.35,RU,1627846762
541,Port Pirie,-33.1833,138.0167,48.29,55,0,14.07,AU,1627846764
542,Boa Vista,2.8197,-60.6733,76.98,83,75,6.91,BR,1627846765
543,Lima,-12.0432,-77.0282,68.9,72,90,5.75,PE,1627846766
544,Izhma,65.0083,53.9113,52.23,96,41,3.33,RU,1627846767
545,Tyazhinskiy,56.116,88.524,56.19,85,15,3.51,RU,1627846768
546,Cairns,-16.9167,145.7667,67.95,92,90,8.05,AU,1627846770
547,Kampen,52.555,5.9111,61.99,83,88,6.8,NL,1627846771
